FIRST_NAME,LAST_NAME,EMAILjames,butler,jbutler@gmail.comJosephine  ,Darakjy,josephine_darakjy@darakjy.orgART,VENERE,ART@VENERE.ORGLenna,Paprocki   ,lpaprocki@hotmail.comdonette,foller,donette.foller@cox.netSIMONA ,MORASCA,SIMONA@MORASCA.COMMitsue,Tollner,mitsue_tollner@yahoo.comLeota,Dilliard,leota@hotmail.comSAGE,WIESER,SAGE_WIESER@COX.NETKris,Marrier,kris@gmail.comMinna,Amigon,minna_amigon@yahoo.comAbel,Maclead,amaclead@gmail.comKiley,Caldarera,kiley.caldarera@aol.comGraciela,Ruta,gruta@cox.netCammy,Albares,calbares@gmail.comMattie,Poquette,mattie@aol.comMeaghan,Garufi,meaghan@hotmail.comGladys,Rim,gladys.rim@rim.orgYuki,Whobrey,yuki_whobrey@aol.comFletcher,Flosi,fletcher.flosi@yahoo.comBette,Nicka,bette_nicka@cox.netVeronika,Inouye,vinouye@aol.comWillard,Kolmetz,willard@hotmail.comMaryann,Royster,mroyster@royster.comAlisha,Slusarski,alisha@slusarski.comAllene,Iturbide,allene_iturbide@cox.netChanel,Caudy,chanel.caudy@caudy.orgEzekiel,Chui,ezekiel@chui.comWillow,Kusko,wkusko@yahoo.comBernardo,Figeroa,bfigeroa@aol.comAmmie,Corrio,ammie@corrio.comFrancine,Vocelka,francine_vocelka@vocelka.comErnie,Stenseth,ernie_stenseth@aol.comAlbina,Glick,albina@glick.comAlishia,Sergi,asergi@gmail.comSolange,Shinko,solange@shinko.comJose,Stockham,jose@yahoo.comRozella,Ostrosky,rozella.ostrosky@ostrosky.comValentine,Gillian,valentine_gillian@gmail.comKati,Rulapaugh,kati.rulapaugh@hotmail.comYoulanda,Schemmer,youlanda@aol.comDyan,Oldroyd,doldroyd@aol.comRoxane,Campain,roxane@hotmail.comLavera,Perin,lperin@perin.orgErick,Ferencz,erick.ferencz@aol.comFatima,Saylors,fsaylors@saylors.orgJina,Briddick,jina_briddick@briddick.comKanisha,Waycott,kanisha_waycott@yahoo.comEmerson,Bowley,emerson.bowley@bowley.orgBlair,Malet,bmalet@yahoo.comBrock,Bolognia,bbolognia@yahoo.comLorrie,Nestle,lnestle@hotmail.comSabra,Uyetake,sabra@uyetake.orgMarjory,Mastella,mmastella@mastella.comKarl,Klonowski,karl_klonowski@yahoo.comTonette,Wenner,twenner@aol.comAmber,Monarrez,amber_monarrez@monarrez.orgShenika,Seewald,shenika@gmail.comDelmy,Ahle,delmy.ahle@hotmail.comDeeanna,Juhas,deeanna_juhas@gmail.comBlondell,Pugh,bpugh@aol.comJamal,Vanausdal,jamal@vanausdal.orgCecily,Hollack,cecily@hollack.orgCarmelina,Lindall,carmelina_lindall@lindall.comMaurine,Yglesias,maurine_yglesias@yglesias.comTawna,Buvens,tawna@gmail.comPenney,Weight,penney_weight@aol.comElly,Morocco,elly_morocco@gmail.comIlene,Eroman,ilene.eroman@hotmail.comVallie,Mondella,vmondella@mondella.comKallie,Blackwood,kallie.blackwood@gmail.comJohnetta,Abdallah,johnetta_abdallah@aol.comBobbye,Rhym,brhym@rhym.comMicaela,Rhymes,micaela_rhymes@gmail.comTamar,Hoogland,tamar@hotmail.comMoon,Parlato,moon@yahoo.comLaurel,Reitler,laurel_reitler@reitler.comDelisa,Crupi,delisa.crupi@crupi.comViva,Toelkes,viva.toelkes@gmail.comElza,Lipke,elza@yahoo.comDevorah,Chickering,devorah@hotmail.comTimothy,Mulqueen,timothy_mulqueen@mulqueen.orgArlette,Honeywell,ahoneywell@honeywell.comDominque,Dickerson,dominque.dickerson@dickerson.orgLettie,Isenhower,lettie_isenhower@yahoo.comMyra,Munns,mmunns@cox.netStephaine,Barfield,stephaine@barfield.comLai,Gato,lai.gato@gato.orgStephen,Emigh,stephen_emigh@hotmail.comTyra,Shields,tshields@gmail.comTammara,Wardrip,twardrip@cox.netCory,Gibes,cory.gibes@gmail.comDanica,Bruschke,danica_bruschke@gmail.comWilda,Giguere,wilda@cox.netElvera,Benimadho,elvera.benimadho@cox.netCarma,Vanheusen,carma@cox.netMalinda,Hochard,malinda.hochard@yahoo.comNatalie,Fern,natalie.fern@hotmail.comLisha,Centini,lisha@centini.orgArlene,Klusman,arlene_klusman@gmail.comAlease,Buemi,alease@buemi.comLouisa,Cronauer,louisa@cronauer.comAngella,Cetta,angella.cetta@hotmail.comCyndy,Goldammer,cgoldammer@cox.netRosio,Cork,rosio.cork@gmail.comCeleste,Korando,ckorando@hotmail.comTwana,Felger,twana.felger@felger.orgEstrella,Samu,estrella@aol.comDonte,Kines,dkines@hotmail.comTiffiny,Steffensmeier,tiffiny_steffensmeier@cox.netEdna,Miceli,emiceli@miceli.orgSue,Kownacki,sue@aol.comJesusa,Shin,jshin@shin.comRolland,Francescon,rolland@cox.netPamella,Schmierer,pamella.schmierer@schmierer.orgGlory,Kulzer,gkulzer@kulzer.orgShawna,Palaspas,shawna_palaspas@palaspas.orgBrandon,Callaro,brandon_callaro@hotmail.comScarlet,Cartan,scarlet.cartan@yahoo.comOretha,Menter,oretha_menter@yahoo.comTy,Smith,tsmith@aol.comXuan,Rochin,xuan@gmail.comLindsey,Dilello,lindsey.dilello@hotmail.comDevora,Perez,devora_perez@perez.orgHerman,Demesa,hdemesa@cox.netRory,Papasergi,rpapasergi@cox.netTalia,Riopelle,talia_riopelle@aol.comVan,Shire,van.shire@shire.comLucina,Lary,lucina_lary@cox.netBok,Isaacs,bok.isaacs@aol.comRolande,Spickerman,rolande.spickerman@spickerman.comHoward,Paulas,hpaulas@gmail.comKimbery,Madarang,kimbery_madarang@cox.netThurman,Manno,thurman.manno@yahoo.comBecky,Mirafuentes,becky.mirafuentes@mirafuentes.comBeatriz,Corrington,beatriz@yahoo.comMarti,Maybury,marti.maybury@yahoo.comNieves,Gotter,nieves_gotter@gmail.comLeatha,Hagele,lhagele@cox.netValentin,Klimek,vklimek@klimek.orgMelissa,Wiklund,melissa@cox.netSheridan,Zane,sheridan.zane@zane.comBulah,Padilla,bulah_padilla@hotmail.comAudra,Kohnert,audra@kohnert.comDaren,Weirather,dweirather@aol.comFernanda,Jillson,fjillson@aol.comGearldine,Gellinger,gearldine_gellinger@gellinger.comChau,Kitzman,chau@gmail.comTheola,Frey,theola_frey@frey.comCheryl,Haroldson,cheryl@haroldson.orgLaticia,Merced,lmerced@gmail.comCarissa,Batman,carissa.batman@yahoo.comLezlie,Craghead,lezlie.craghead@craghead.orgOzell,Shealy,oshealy@hotmail.comArminda,Parvis,arminda@parvis.comReita,Leto,reita.leto@gmail.comYolando,Luczki,yolando@cox.netLizette,Stem,lizette.stem@aol.comGregoria,Pawlowicz,gpawlowicz@yahoo.comCarin,Deleo,cdeleo@deleo.comChantell,Maynerich,chantell@yahoo.comDierdre,Yum,dyum@yahoo.comLarae,Gudroe,larae_gudroe@gmail.comLatrice,Tolfree,latrice.tolfree@hotmail.comKerry,Theodorov,kerry.theodorov@gmail.comDorthy,Hidvegi,dhidvegi@yahoo.comFannie,Lungren,fannie.lungren@yahoo.comEvangelina,Radde,evangelina@aol.comNovella,Degroot,novella_degroot@degroot.orgClay,Hoa,choa@hoa.orgJennifer,Fallick,jfallick@yahoo.comIrma,Wolfgramm,irma.wolfgramm@hotmail.comEun,Coody,eun@yahoo.comSylvia,Cousey,sylvia_cousey@cousey.orgNana,Wrinkles,nana@aol.comLayla,Springe,layla.springe@cox.netJoesph,Degonia,joesph_degonia@degonia.orgAnnabelle,Boord,annabelle.boord@cox.netStephaine,Vinning,stephaine@cox.netNelida,Sawchuk,nelida@gmail.comMarguerita,Hiatt,marguerita.hiatt@gmail.comCarmela,Cookey,ccookey@cookey.orgJunita,Brideau,jbrideau@aol.comClaribel,Varriano,claribel_varriano@cox.netBenton,Skursky,benton.skursky@aol.comHillary,Skulski,hillary.skulski@aol.comMerilyn,Bayless,merilyn_bayless@cox.netTeri,Ennaco,tennaco@gmail.comMerlyn,Lawler,merlyn_lawler@hotmail.comGeorgene,Montezuma,gmontezuma@cox.netJettie,Mconnell,jmconnell@hotmail.comLemuel,Latzke,lemuel.latzke@gmail.comMelodie,Knipp,mknipp@gmail.comCandida,Corbley,candida_corbley@hotmail.comKaran,Karpin,karan_karpin@gmail.comAndra,Scheyer,andra@gmail.comFelicidad,Poullion,fpoullion@poullion.comBelen,Strassner,belen_strassner@aol.comGracia,Melnyk,gracia@melnyk.comJolanda,Hanafan,jhanafan@gmail.comBarrett,Toyama,barrett.toyama@toyama.orgHelga,Fredicks,helga_fredicks@yahoo.comAshlyn,Pinilla,apinilla@cox.netFausto,Agramonte,fausto_agramonte@yahoo.comRonny,Caiafa,ronny.caiafa@caiafa.orgMarge,Limmel,marge@gmail.comNorah,Waymire,norah.waymire@gmail.comAliza,Baltimore,aliza@aol.comMozell,Pelkowski,mpelkowski@pelkowski.orgViola,Bitsuie,viola@gmail.comFranklyn,Emard,femard@emard.comWillodean,Konopacki,willodean_konopacki@konopacki.orgBeckie,Silvestrini,beckie.silvestrini@silvestrini.comRebecka,Gesick,rgesick@gesick.orgFrederica,Blunk,frederica_blunk@gmail.comGlen,Bartolet,glen_bartolet@hotmail.comFreeman,Gochal,freeman_gochal@aol.comVincent,Meinerding,vincent.meinerding@hotmail.comRima,Bevelacqua,rima@cox.netGlendora,Sarbacher,gsarbacher@gmail.comAvery,Steier,avery@cox.netCristy,Lother,cristy@lother.comNicolette,Brossart,nicolette_brossart@brossart.comTracey,Modzelewski,tracey@hotmail.comVirgina,Tegarden,virgina_tegarden@tegarden.comTiera,Frankel,tfrankel@aol.comAlaine,Bergesen,alaine_bergesen@cox.netEarleen,Mai,earleen_mai@cox.netLeonida,Gobern,leonida@gobern.orgRessie,Auffrey,ressie.auffrey@yahoo.comJustine,Mugnolo,jmugnolo@yahoo.comEladia,Saulter,eladia@saulter.comChaya,Malvin,chaya@malvin.comGwenn,Suffield,gwenn_suffield@suffield.orgSalena,Karpel,skarpel@cox.netYoko,Fishburne,yoko@fishburne.comTaryn,Moyd,taryn.moyd@hotmail.comKatina,Polidori,katina_polidori@aol.comRickie,Plumer,rickie.plumer@aol.comAlex,Loader,alex@loader.comLashon,Vizarro,lashon@aol.comLauran,Burnard,lburnard@burnard.comCeola,Setter,ceola.setter@setter.orgMy,Rantanen,my@hotmail.comLorrine,Worlds,lorrine.worlds@worlds.comPeggie,Sturiale,peggie@cox.netMarvel,Raymo,mraymo@yahoo.comDaron,Dinos,daron_dinos@cox.netAn,Fritz,an_fritz@hotmail.comPortia,Stimmel,portia.stimmel@aol.comRhea,Aredondo,rhea_aredondo@cox.netBenedict,Sama,bsama@cox.netAlyce,Arias,alyce@arias.orgHeike,Berganza,heike@gmail.comCarey,Dopico,carey_dopico@dopico.orgDottie,Hellickson,dottie@hellickson.orgDeandrea,Hughey,deandrea@yahoo.comKimberlie,Duenas,kimberlie_duenas@yahoo.comMartina,Staback,martina_staback@staback.comSkye,Fillingim,skye_fillingim@yahoo.comJade,Farrar,jade.farrar@yahoo.comCharlene,Hamilton,charlene.hamilton@hotmail.comGeoffrey,Acey,geoffrey@gmail.comStevie,Westerbeck,stevie.westerbeck@yahoo.comPamella,Fortino,pamella@fortino.comHarrison,Haufler,hhaufler@hotmail.comJohnna,Engelberg,jengelberg@engelberg.orgBuddy,Cloney,buddy.cloney@yahoo.comDalene,Riden,dalene.riden@aol.comJerry,Zurcher,jzurcher@zurcher.orgHaydee,Denooyer,hdenooyer@denooyer.orgJoseph,Cryer,joseph_cryer@cox.netDeonna,Kippley,deonna_kippley@hotmail.comRaymon,Calvaresi,raymon.calvaresi@gmail.comAlecia,Bubash,alecia@aol.comMa,Layous,mlayous@hotmail.comDetra,Coyier,detra@aol.comTerrilyn,Rodeigues,terrilyn.rodeigues@cox.netSalome,Lacovara,slacovara@gmail.comGarry,Keetch,garry_keetch@hotmail.comMatthew,Neither,mneither@yahoo.comTheodora,Restrepo,theodora.restrepo@restrepo.comNoah,Kalafatis,noah.kalafatis@aol.comCarmen,Sweigard,csweigard@sweigard.comLavonda,Hengel,lavonda@cox.netJunita,Stoltzman,junita@aol.comHerminia,Nicolozakes,herminia@nicolozakes.orgCasie,Good,casie.good@aol.comReena,Maisto,reena@hotmail.comMirta,Mallett,mirta_mallett@gmail.comCathrine,Pontoriero,cathrine.pontoriero@pontoriero.comFiliberto,Tawil,ftawil@hotmail.comRaul,Upthegrove,rupthegrove@yahoo.comSarah,Candlish,sarah.candlish@gmail.comLucy,Treston,lucy@cox.netJudy,Aquas,jaquas@aquas.comYvonne,Tjepkema,yvonne.tjepkema@hotmail.comKayleigh,Lace,kayleigh.lace@yahoo.comFelix,Hirpara,felix_hirpara@cox.netTresa,Sweely,tresa_sweely@hotmail.comKristeen,Turinetti,kristeen@gmail.comJenelle,Regusters,jregusters@regusters.comRenea,Monterrubio,renea@hotmail.comOlive,Matuszak,olive@aol.comLigia,Reiber,lreiber@cox.netChristiane,Eschberger,christiane.eschberger@yahoo.comGoldie,Schirpke,goldie.schirpke@yahoo.comLoreta,Timenez,loreta.timenez@hotmail.comFabiola,Hauenstein,fabiola.hauenstein@hauenstein.orgAmie,Perigo,amie.perigo@yahoo.comRaina,Brachle,raina.brachle@brachle.orgErinn,Canlas,erinn.canlas@canlas.comCherry,Lietz,cherry@lietz.comKattie,Vonasek,kattie@vonasek.orgLilli,Scriven,lilli@aol.comWhitley,Tomasulo,whitley.tomasulo@aol.comBarbra,Adkin,badkin@hotmail.comHermila,Thyberg,hermila_thyberg@hotmail.comJesusita,Flister,jesusita.flister@hotmail.comCaitlin,Julia,caitlin.julia@julia.orgRoosevelt,Hoffis,roosevelt.hoffis@aol.comHelaine,Halter,hhalter@yahoo.comLorean,Martabano,lorean.martabano@hotmail.comFrance,Buzick,france.buzick@yahoo.comJustine,Ferrario,jferrario@hotmail.comAdelina,Nabours,adelina_nabours@gmail.comDerick,Dhamer,ddhamer@cox.netJerry,Dallen,jerry.dallen@yahoo.comLeota,Ragel,leota.ragel@gmail.comJutta,Amyot,jamyot@hotmail.comAja,Gehrett,aja_gehrett@hotmail.comKirk,Herritt,kirk.herritt@aol.comLeonora,Mauson,leonora@yahoo.comWinfred,Brucato,winfred_brucato@hotmail.comTarra,Nachor,tarra.nachor@cox.netCorinne,Loder,corinne@loder.orgDulce,Labreche,dulce_labreche@yahoo.comKate,Keneipp,kate_keneipp@yahoo.comKaitlyn,Ogg,kaitlyn.ogg@gmail.comSherita,Saras,sherita.saras@cox.netLashawnda,Stuer,lstuer@cox.netErnest,Syrop,ernest@cox.netNobuko,Halsey,nobuko.halsey@yahoo.comLavonna,Wolny,lavonna.wolny@hotmail.comLashaunda,Lizama,llizama@cox.netMariann,Bilden,mariann.bilden@aol.comHelene,Rodenberger,helene@aol.comRoselle,Estell,roselle.estell@hotmail.comSamira,Heintzman,sheintzman@hotmail.comMargart,Meisel,margart_meisel@yahoo.comKristofer,Bennick,kristofer.bennick@yahoo.comWeldon,Acuff,wacuff@gmail.comShalon,Shadrick,shalon@cox.netDenise,Patak,denise@patak.orgLouvenia,Beech,louvenia.beech@beech.comAudry,Yaw,audry.yaw@yaw.orgKristel,Ehmann,kristel.ehmann@aol.comVincenza,Zepp,vzepp@gmail.comElouise,Gwalthney,egwalthney@yahoo.comVenita,Maillard,venita_maillard@gmail.comKasandra,Semidey,kasandra_semidey@semidey.comXochitl,Discipio,xdiscipio@gmail.comMaile,Linahan,mlinahan@yahoo.comKrissy,Rauser,krauser@cox.netPete,Dubaldi,pdubaldi@hotmail.comLinn,Paa,linn_paa@paa.comParis,Wide,paris@hotmail.comWynell,Dorshorst,wynell_dorshorst@dorshorst.orgQuentin,Birkner,qbirkner@aol.comRegenia,Kannady,regenia.kannady@cox.netSheron,Louissant,sheron@aol.comIzetta,Funnell,izetta.funnell@hotmail.comRodolfo,Butzen,rodolfo@hotmail.comZona,Colla,zona@hotmail.comSerina,Zagen,szagen@aol.comPaz,Sahagun,paz_sahagun@cox.netMarkus,Lukasik,markus@yahoo.comJaclyn,Bachman,jaclyn@aol.comCyril,Daufeldt,cyril_daufeldt@daufeldt.comGayla,Schnitzler,gschnitzler@gmail.comErick,Nievas,erick_nievas@aol.comJennie,Drymon,jennie@cox.netMitsue,Scipione,mscipione@scipione.comCiara,Ventura,cventura@yahoo.comGalen,Cantres,galen@yahoo.comTruman,Feichtner,tfeichtner@yahoo.comGail,Kitty,gail@kitty.comDalene,Schoeneck,dalene@schoeneck.orgGertude,Witten,gertude.witten@gmail.comLizbeth,Kohl,lizbeth@yahoo.comGlenn,Berray,gberray@gmail.comLashandra,Klang,lashandra@yahoo.comLenna,Newville,lnewville@newville.comLaurel,Pagliuca,laurel@yahoo.comMireya,Frerking,mireya.frerking@hotmail.comAnnelle,Tagala,annelle@yahoo.comDean,Ketelsen,dean_ketelsen@gmail.comLevi,Munis,levi.munis@gmail.comSylvie,Ryser,sylvie@aol.comSharee,Maile,sharee_maile@aol.comCordelia,Storment,cordelia_storment@aol.comMollie,Mcdoniel,mollie_mcdoniel@yahoo.comBrett,Mccullan,brett.mccullan@mccullan.comTeddy,Pedrozo,teddy_pedrozo@aol.comTasia,Andreason,tasia_andreason@yahoo.comHubert,Walthall,hubert@walthall.orgArthur,Farrow,arthur.farrow@yahoo.comVilma,Berlanga,vberlanga@berlanga.comBillye,Miro,billye_miro@cox.netGlenna,Slayton,glenna_slayton@cox.netMitzie,Hudnall,mitzie_hudnall@yahoo.comBernardine,Rodefer,bernardine_rodefer@yahoo.comStaci,Schmaltz,staci_schmaltz@aol.comNichelle,Meteer,nichelle_meteer@meteer.comJanine,Rhoden,jrhoden@yahoo.comEttie,Hoopengardner,ettie.hoopengardner@hotmail.comEden,Jayson,eden_jayson@yahoo.comLynelle,Auber,lynelle_auber@gmail.comMerissa,Tomblin,merissa.tomblin@gmail.comGolda,Kaniecki,golda_kaniecki@yahoo.comCatarina,Gleich,catarina_gleich@hotmail.comVirgie,Kiel,vkiel@hotmail.comJolene,Ostolaza,jolene@yahoo.comKeneth,Borgman,keneth@yahoo.comRikki,Nayar,rikki@nayar.comElke,Sengbusch,elke_sengbusch@yahoo.comHoa,Sarao,hoa@sarao.orgTrinidad,Mcrae,trinidad_mcrae@yahoo.comMari,Lueckenbach,mari_lueckenbach@yahoo.comSelma,Husser,selma.husser@cox.netAntione,Onofrio,aonofrio@onofrio.comLuisa,Jurney,ljurney@hotmail.comClorinda,Heimann,clorinda.heimann@hotmail.comDick,Wenzinger,dick@yahoo.comAhmed,Angalich,ahmed.angalich@angalich.comIluminada,Ohms,iluminada.ohms@yahoo.comJoanna,Leinenbach,joanna_leinenbach@hotmail.comCaprice,Suell,caprice@aol.comStephane,Myricks,stephane_myricks@cox.netQuentin,Swayze,quentin_swayze@yahoo.comAnnmarie,Castros,annmarie_castros@gmail.comShonda,Greenbush,shonda_greenbush@cox.netCecil,Lapage,clapage@lapage.comJeanice,Claucherty,jeanice.claucherty@yahoo.comJosphine,Villanueva,josphine_villanueva@villanueva.comDaniel,Perruzza,dperruzza@perruzza.comCassi,Wildfong,cassi.wildfong@aol.comBritt,Galam,britt@galam.orgAdell,Lipkin,adell.lipkin@lipkin.comJacqueline,Rowling,jacqueline.rowling@yahoo.comLonny,Weglarz,lonny_weglarz@gmail.comLonna,Diestel,lonna_diestel@gmail.comCristal,Samara,cristal@cox.netKenneth,Grenet,kenneth.grenet@grenet.orgElli,Mclaird,emclaird@mclaird.comAlline,Jeanty,ajeanty@gmail.comSharika,Eanes,sharika.eanes@aol.comNu,Mcnease,nu@gmail.comDaniela,Comnick,dcomnick@cox.netCecilia,Colaizzo,cecilia_colaizzo@colaizzo.comLeslie,Threets,leslie@cox.netNan,Koppinger,nan@koppinger.comIzetta,Dewar,idewar@dewar.comTegan,Arceo,tegan.arceo@arceo.orgRuthann,Keener,ruthann@hotmail.comJoni,Breland,joni_breland@cox.netVi,Rentfro,vrentfro@cox.netColette,Kardas,colette.kardas@yahoo.comMalcolm,Tromblay,malcolm_tromblay@cox.netRyan,Harnos,ryan@cox.netJess,Chaffins,jess.chaffins@chaffins.orgSharen,Bourbon,sbourbon@yahoo.comNickolas,Juvera,nickolas_juvera@cox.netGary,Nunlee,gary_nunlee@nunlee.orgDiane,Devreese,diane@cox.netRoslyn,Chavous,roslyn.chavous@chavous.orgGlory,Schieler,glory@yahoo.comRasheeda,Sayaphon,rasheeda@aol.comAlpha,Palaia,alpha@yahoo.comRefugia,Jacobos,refugia.jacobos@jacobos.comShawnda,Yori,shawnda.yori@yahoo.comMona,Delasancha,mdelasancha@hotmail.comGilma,Liukko,gilma_liukko@gmail.comJaney,Gabisi,jgabisi@hotmail.comLili,Paskin,lili.paskin@cox.netLoren,Asar,loren.asar@aol.comDorothy,Chesterfield,dorothy@cox.netGail,Similton,gail_similton@similton.comCatalina,Tillotson,catalina@hotmail.comLawrence,Lorens,lawrence.lorens@hotmail.comCarlee,Boulter,carlee.boulter@hotmail.comThaddeus,Ankeny,tankeny@ankeny.orgJovita,Oles,joles@gmail.comAlesia,Hixenbaugh,alesia_hixenbaugh@hixenbaugh.orgLai,Harabedian,lai@gmail.comBrittni,Gillaspie,bgillaspie@gillaspie.comRaylene,Kampa,rkampa@kampa.orgFlo,Bookamer,flo.bookamer@cox.netJani,Biddy,jbiddy@yahoo.comChauncey,Motley,chauncey_motley@aol.com